instance,variant_id,phase,sensor,law,operators,depth,op_mgmt,lz_window,band_lo,band_hi,init_tour,acceptance,best_length,known_optimal,gap_pct,wall_time,total_moves,best_at_move,L_opis,L_residual,L_total,rank
dj38,P1_baseline,P1_baseline,LZ_binary,BB,"2opt,oropt1,oropt2,oropt3,double_bridge",1,fixed,64,0.25,0.75,nearest-neighbor,improve-only,6656,6656,0.0,0.8,267,5,0,0.0,0.0,
dj38,P2_LZ_binary_BB,P2_sweep,LZ_binary,BB,"2opt,oropt1,oropt2,oropt3,double_bridge",1,fixed,64,0.25,0.75,nearest-neighbor,improve-only,6656,6656,0.0,0.8,298,6,0,0.0,0.0,
dj38,P2_LZ_binary_ADSR,P2_sweep,LZ_binary,ADSR,"2opt,oropt1,oropt2,oropt3,double_bridge",1,fixed,64,0.25,0.75,nearest-neighbor,improve-only,6656,6656,0.0,0.8,270,4,0,0.0,0.0,
dj38,P2_LZ_binary_EMA,P2_sweep,LZ_binary,EMA,"2opt,oropt1,oropt2,oropt3,double_bridge",1,fixed,64,0.25,0.75,nearest-neighbor,improve-only,6656,6656,0.0,0.8,268,1,5,0.0,5.0,
dj38,P2_LZ_binary_PI,P2_sweep,LZ_binary,PI,"2opt,oropt1,oropt2,oropt3,double_bridge",1,fixed,64,0.25,0.75,nearest-neighbor,improve-only,6656,6656,0.0,0.8,391,9,10,0.0,10.0,
dj38,P2_LZ_binary_CDPID,P2_sweep,LZ_binary,CDPID,"2opt,oropt1,oropt2,oropt3,double_bridge",1,fixed,64,0.25,0.75,nearest-neighbor,improve-only,6656,6656,0.0,0.8,296,24,5,0.0,5.0,
dj38,P2_LZ_binary_BB_invert,P2_sweep,LZ_binary,BB_invert,"2opt,oropt1,oropt2,oropt3,double_bridge",1,fixed,64,0.25,0.75,nearest-neighbor,improve-only,6656,6656,0.0,0.8,272,7,1,0.0,1.0,
dj38,P2_LZ_dual_BB,P2_sweep,LZ_dual,BB,"2opt,oropt1,oropt2,oropt3,double_bridge",1,fixed,64,0.25,0.75,nearest-neighbor,improve-only,6656,6656,0.0,0.8,278,7,1,0.0,1.0,
dj38,P2_LZ_dual_ADSR,P2_sweep,LZ_dual,ADSR,"2opt,oropt1,oropt2,oropt3,double_bridge",1,fixed,64,0.25,0.75,nearest-neighbor,improve-only,6656,6656,0.0,0.8,282,2,1,0.0,1.0,
dj38,P2_LZ_dual_EMA,P2_sweep,LZ_dual,EMA,"2opt,oropt1,oropt2,oropt3,double_bridge",1,fixed,64,0.25,0.75,nearest-neighbor,improve-only,6656,6656,0.0,0.8,293,15,6,0.0,6.0,
dj38,P2_LZ_dual_PI,P2_sweep,LZ_dual,PI,"2opt,oropt1,oropt2,oropt3,double_bridge",1,fixed,64,0.25,0.75,nearest-neighbor,improve-only,6656,6656,0.0,0.8,342,8,11,0.0,11.0,
dj38,P2_LZ_dual_CDPID,P2_sweep,LZ_dual,CDPID,"2opt,oropt1,oropt2,oropt3,double_bridge",1,fixed,64,0.25,0.75,nearest-neighbor,improve-only,6656,6656,0.0,0.8,285,1,6,0.0,6.0,
dj38,P2_LZ_dual_BB_invert,P2_sweep,LZ_dual,BB_invert,"2opt,oropt1,oropt2,oropt3,double_bridge",1,fixed,64,0.25,0.75,nearest-neighbor,improve-only,6656,6656,0.0,0.8,287,11,2,0.0,2.0,
dj38,P2_LZ_tour_BB,P2_sweep,LZ_tour,BB,"2opt,oropt1,oropt2,oropt3,double_bridge",1,fixed,64,0.25,0.75,nearest-neighbor,improve-only,6656,6656,0.0,0.8,272,7,2,0.0,2.0,
dj38,P2_LZ_tour_ADSR,P2_sweep,LZ_tour,ADSR,"2opt,oropt1,oropt2,oropt3,double_bridge",1,fixed,64,0.25,0.75,nearest-neighbor,improve-only,6656,6656,0.0,0.8,262,5,2,0.0,2.0,
dj38,P2_LZ_tour_EMA,P2_sweep,LZ_tour,EMA,"2opt,oropt1,oropt2,oropt3,double_bridge",1,fixed,64,0.25,0.75,nearest-neighbor,improve-only,6656,6656,0.0,0.8,278,3,7,0.0,7.0,
dj38,P2_LZ_tour_PI,P2_sweep,LZ_tour,PI,"2opt,oropt1,oropt2,oropt3,double_bridge",1,fixed,64,0.25,0.75,nearest-neighbor,improve-only,6656,6656,0.0,0.8,350,1,12,0.0,12.0,
dj38,P2_LZ_tour_CDPID,P2_sweep,LZ_tour,CDPID,"2opt,oropt1,oropt2,oropt3,double_bridge",1,fixed,64,0.25,0.75,nearest-neighbor,improve-only,6656,6656,0.0,0.8,286,2,7,0.0,7.0,
dj38,P2_LZ_tour_BB_invert,P2_sweep,LZ_tour,BB_invert,"2opt,oropt1,oropt2,oropt3,double_bridge",1,fixed,64,0.25,0.75,nearest-neighbor,improve-only,6656,6656,0.0,0.8,274,1,3,0.0,3.0,
dj38,P2_LZ_per_op_BB,P2_sweep,LZ_per_op,BB,"2opt,oropt1,oropt2,oropt3,double_bridge",1,fixed,64,0.25,0.75,nearest-neighbor,improve-only,6656,6656,0.0,0.8,267,17,3,0.0,3.0,
dj38,P2_LZ_per_op_ADSR,P2_sweep,LZ_per_op,ADSR,"2opt,oropt1,oropt2,oropt3,double_bridge",1,fixed,64,0.25,0.75,nearest-neighbor,improve-only,6656,6656,0.0,0.8,279,12,3,0.0,3.0,
dj38,P2_LZ_per_op_EMA,P2_sweep,LZ_per_op,EMA,"2opt,oropt1,oropt2,oropt3,double_bridge",1,fixed,64,0.25,0.75,nearest-neighbor,improve-only,6656,6656,0.0,0.8,272,1,8,0.0,8.0,
dj38,P2_LZ_per_op_PI,P2_sweep,LZ_per_op,PI,"2opt,oropt1,oropt2,oropt3,double_bridge",1,fixed,64,0.25,0.75,nearest-neighbor,improve-only,6656,6656,0.0,0.8,377,1,13,0.0,13.0,
dj38,P2_LZ_per_op_CDPID,P2_sweep,LZ_per_op,CDPID,"2opt,oropt1,oropt2,oropt3,double_bridge",1,fixed,64,0.25,0.75,nearest-neighbor,improve-only,6656,6656,0.0,0.8,289,6,8,0.0,8.0,
dj38,P2_LZ_per_op_BB_invert,P2_sweep,LZ_per_op,BB_invert,"2opt,oropt1,oropt2,oropt3,double_bridge",1,fixed,64,0.25,0.75,nearest-neighbor,improve-only,6656,6656,0.0,0.8,287,3,4,0.0,4.0,
dj38,P2_SampEn_BB,P2_sweep,SampEn,BB,"2opt,oropt1,oropt2,oropt3,double_bridge",1,fixed,64,0.25,0.75,nearest-neighbor,improve-only,6656,6656,0.0,0.8,200,4,10,0.0,10.0,
dj38,P2_SampEn_ADSR,P2_sweep,SampEn,ADSR,"2opt,oropt1,oropt2,oropt3,double_bridge",1,fixed,64,0.25,0.75,nearest-neighbor,improve-only,6656,6656,0.0,0.8,200,3,10,0.0,10.0,
dj38,P2_SampEn_EMA,P2_sweep,SampEn,EMA,"2opt,oropt1,oropt2,oropt3,double_bridge",1,fixed,64,0.25,0.75,nearest-neighbor,improve-only,6656,6656,0.0,0.8,202,4,15,0.0,15.0,
dj38,P2_SampEn_PI,P2_sweep,SampEn,PI,"2opt,oropt1,oropt2,oropt3,double_bridge",1,fixed,64,0.25,0.75,nearest-neighbor,improve-only,6656,6656,0.0,0.8,242,4,20,0.0,20.0,
dj38,P2_SampEn_CDPID,P2_sweep,SampEn,CDPID,"2opt,oropt1,oropt2,oropt3,double_bridge",1,fixed,64,0.25,0.75,nearest-neighbor,improve-only,6656,6656,0.0,0.8,206,8,15,0.0,15.0,
dj38,P2_SampEn_BB_invert,P2_sweep,SampEn,BB_invert,"2opt,oropt1,oropt2,oropt3,double_bridge",1,fixed,64,0.25,0.75,nearest-neighbor,improve-only,6656,6656,0.0,0.8,200,2,11,0.0,11.0,
dj38,P2_CUSUM_BB,P2_sweep,CUSUM,BB,"2opt,oropt1,oropt2,oropt3,double_bridge",1,fixed,64,0.25,0.75,nearest-neighbor,improve-only,6656,6656,0.0,0.8,288,4,0,0.0,0.0,
dj38,P2_CUSUM_ADSR,P2_sweep,CUSUM,ADSR,"2opt,oropt1,oropt2,oropt3,double_bridge",1,fixed,64,0.25,0.75,nearest-neighbor,improve-only,6656,6656,0.0,0.8,271,5,0,0.0,0.0,
dj38,P2_CUSUM_EMA,P2_sweep,CUSUM,EMA,"2opt,oropt1,oropt2,oropt3,double_bridge",1,fixed,64,0.25,0.75,nearest-neighbor,improve-only,6656,6656,0.0,0.8,284,5,5,0.0,5.0,
dj38,P2_CUSUM_PI,P2_sweep,CUSUM,PI,"2opt,oropt1,oropt2,oropt3,double_bridge",1,fixed,64,0.25,0.75,nearest-neighbor,improve-only,6656,6656,0.0,0.8,386,10,10,0.0,10.0,
dj38,P2_CUSUM_CDPID,P2_sweep,CUSUM,CDPID,"2opt,oropt1,oropt2,oropt3,double_bridge",1,fixed,64,0.25,0.75,nearest-neighbor,improve-only,6656,6656,0.0,0.8,285,1,5,0.0,5.0,
dj38,P2_CUSUM_BB_invert,P2_sweep,CUSUM,BB_invert,"2opt,oropt1,oropt2,oropt3,double_bridge",1,fixed,64,0.25,0.75,nearest-neighbor,improve-only,6656,6656,0.0,0.8,292,3,1,0.0,1.0,
dj38,P2_zstd_ratio_BB,P2_sweep,zstd_ratio,BB,"2opt,oropt1,oropt2,oropt3,double_bridge",1,fixed,64,0.25,0.75,nearest-neighbor,improve-only,6656,6656,0.0,0.8,259,1,0,0.0,0.0,
dj38,P2_zstd_ratio_ADSR,P2_sweep,zstd_ratio,ADSR,"2opt,oropt1,oropt2,oropt3,double_bridge",1,fixed,64,0.25,0.75,nearest-neighbor,improve-only,6656,6656,0.0,0.8,267,32,0,0.0,0.0,
dj38,P2_zstd_ratio_EMA,P2_sweep,zstd_ratio,EMA,"2opt,oropt1,oropt2,oropt3,double_bridge",1,fixed,64,0.25,0.75,nearest-neighbor,improve-only,6656,6656,0.0,0.8,267,1,5,0.0,5.0,
dj38,P2_zstd_ratio_PI,P2_sweep,zstd_ratio,PI,"2opt,oropt1,oropt2,oropt3,double_bridge",1,fixed,64,0.25,0.75,nearest-neighbor,improve-only,6656,6656,0.0,0.8,294,4,10,0.0,10.0,
dj38,P2_zstd_ratio_CDPID,P2_sweep,zstd_ratio,CDPID,"2opt,oropt1,oropt2,oropt3,double_bridge",1,fixed,64,0.25,0.75,nearest-neighbor,improve-only,6656,6656,0.0,0.8,271,1,5,0.0,5.0,
dj38,P2_zstd_ratio_BB_invert,P2_sweep,zstd_ratio,BB_invert,"2opt,oropt1,oropt2,oropt3,double_bridge",1,fixed,64,0.25,0.75,nearest-neighbor,improve-only,6656,6656,0.0,0.8,263,3,1,0.0,1.0,
dj38,P2_southwest_BB,P2_sweep,southwest,BB,"2opt,oropt1,oropt2,oropt3,double_bridge",1,fixed,64,0.25,0.75,nearest-neighbor,improve-only,6656,6656,0.0,0.8,274,8,0,0.0,0.0,
dj38,P2_southwest_ADSR,P2_sweep,southwest,ADSR,"2opt,oropt1,oropt2,oropt3,double_bridge",1,fixed,64,0.25,0.75,nearest-neighbor,improve-only,6656,6656,0.0,0.8,273,1,0,0.0,0.0,
dj38,P2_southwest_EMA,P2_sweep,southwest,EMA,"2opt,oropt1,oropt2,oropt3,double_bridge",1,fixed,64,0.25,0.75,nearest-neighbor,improve-only,6656,6656,0.0,0.8,288,5,5,0.0,5.0,
dj38,P2_southwest_PI,P2_sweep,southwest,PI,"2opt,oropt1,oropt2,oropt3,double_bridge",1,fixed,64,0.25,0.75,nearest-neighbor,improve-only,6656,6656,0.0,0.8,389,2,10,0.0,10.0,
dj38,P2_southwest_CDPID,P2_sweep,southwest,CDPID,"2opt,oropt1,oropt2,oropt3,double_bridge",1,fixed,64,0.25,0.75,nearest-neighbor,improve-only,6656,6656,0.0,0.8,294,8,5,0.0,5.0,
dj38,P2_southwest_BB_invert,P2_sweep,southwest,BB_invert,"2opt,oropt1,oropt2,oropt3,double_bridge",1,fixed,64,0.25,0.75,nearest-neighbor,improve-only,6656,6656,0.0,0.8,280,2,1,0.0,1.0,
dj38,P2_xfer_entropy_BB,P2_sweep,xfer_entropy,BB,"2opt,oropt1,oropt2,oropt3,double_bridge",1,fixed,64,0.25,0.75,nearest-neighbor,improve-only,6656,6656,0.0,0.8,583,3,10,0.0,10.0,
dj38,P2_xfer_entropy_ADSR,P2_sweep,xfer_entropy,ADSR,"2opt,oropt1,oropt2,oropt3,double_bridge",1,fixed,64,0.25,0.75,nearest-neighbor,improve-only,6656,6656,0.0,0.8,482,4,10,0.0,10.0,
dj38,P2_xfer_entropy_EMA,P2_sweep,xfer_entropy,EMA,"2opt,oropt1,oropt2,oropt3,double_bridge",1,fixed,64,0.25,0.75,nearest-neighbor,improve-only,6656,6656,0.0,0.8,488,4,15,0.0,15.0,
dj38,P2_xfer_entropy_PI,P2_sweep,xfer_entropy,PI,"2opt,oropt1,oropt2,oropt3,double_bridge",1,fixed,64,0.25,0.75,nearest-neighbor,improve-only,6656,6656,0.0,0.82,541,1,20,0.0,20.0,
dj38,P2_xfer_entropy_CDPID,P2_sweep,xfer_entropy,CDPID,"2opt,oropt1,oropt2,oropt3,double_bridge",1,fixed,64,0.25,0.75,nearest-neighbor,improve-only,6656,6656,0.0,0.8,504,3,15,0.0,15.0,
dj38,P2_xfer_entropy_BB_invert,P2_sweep,xfer_entropy,BB_invert,"2opt,oropt1,oropt2,oropt3,double_bridge",1,fixed,64,0.25,0.75,nearest-neighbor,improve-only,6656,6656,0.0,0.8,573,6,11,0.0,11.0,
dj38,P2_frozen_edge_BB,P2_sweep,frozen_edge,BB,"2opt,oropt1,oropt2,oropt3,double_bridge",1,fixed,64,0.25,0.75,nearest-neighbor,improve-only,6656,6656,0.0,0.8,299,9,2,0.0,2.0,
dj38,P2_frozen_edge_ADSR,P2_sweep,frozen_edge,ADSR,"2opt,oropt1,oropt2,oropt3,double_bridge",1,fixed,64,0.25,0.75,nearest-neighbor,improve-only,6656,6656,0.0,0.8,281,3,2,0.0,2.0,
dj38,P2_frozen_edge_EMA,P2_sweep,frozen_edge,EMA,"2opt,oropt1,oropt2,oropt3,double_bridge",1,fixed,64,0.25,0.75,nearest-neighbor,improve-only,6656,6656,0.0,0.8,288,3,7,0.0,7.0,
dj38,P2_frozen_edge_PI,P2_sweep,frozen_edge,PI,"2opt,oropt1,oropt2,oropt3,double_bridge",1,fixed,64,0.25,0.75,nearest-neighbor,improve-only,6656,6656,0.0,0.8,389,1,12,0.0,12.0,
dj38,P2_frozen_edge_CDPID,P2_sweep,frozen_edge,CDPID,"2opt,oropt1,oropt2,oropt3,double_bridge",1,fixed,64,0.25,0.75,nearest-neighbor,improve-only,6656,6656,0.0,0.8,288,8,7,0.0,7.0,
dj38,P2_frozen_edge_BB_invert,P2_sweep,frozen_edge,BB_invert,"2opt,oropt1,oropt2,oropt3,double_bridge",1,fixed,64,0.25,0.75,nearest-neighbor,improve-only,6656,6656,0.0,0.8,267,4,3,0.0,3.0,
dj38,P2_tri_area_BB,P2_sweep,tri_area,BB,"2opt,oropt1,oropt2,oropt3,double_bridge",1,fixed,64,0.25,0.75,nearest-neighbor,improve-only,6656,6656,0.0,0.8,282,4,0,0.0,0.0,
dj38,P2_tri_area_ADSR,P2_sweep,tri_area,ADSR,"2opt,oropt1,oropt2,oropt3,double_bridge",1,fixed,64,0.25,0.75,nearest-neighbor,improve-only,6656,6656,0.0,0.8,367,4,0,0.0,0.0,
dj38,P2_tri_area_EMA,P2_sweep,tri_area,EMA,"2opt,oropt1,oropt2,oropt3,double_bridge",1,fixed,64,0.25,0.75,nearest-neighbor,improve-only,6656,6656,0.0,0.8,310,2,5,0.0,5.0,
dj38,P2_tri_area_PI,P2_sweep,tri_area,PI,"2opt,oropt1,oropt2,oropt3,double_bridge",1,fixed,64,0.25,0.75,nearest-neighbor,improve-only,6656,6656,0.0,0.8,382,3,10,0.0,10.0,
dj38,P2_tri_area_CDPID,P2_sweep,tri_area,CDPID,"2opt,oropt1,oropt2,oropt3,double_bridge",1,fixed,64,0.25,0.75,nearest-neighbor,improve-only,6656,6656,0.0,0.8,311,1,5,0.0,5.0,
dj38,P2_tri_area_BB_invert,P2_sweep,tri_area,BB_invert,"2opt,oropt1,oropt2,oropt3,double_bridge",1,fixed,64,0.25,0.75,nearest-neighbor,improve-only,6656,6656,0.0,0.8,280,6,1,0.0,1.0,
dj38,P2_circum_r_BB,P2_sweep,circum_r,BB,"2opt,oropt1,oropt2,oropt3,double_bridge",1,fixed,64,0.25,0.75,nearest-neighbor,improve-only,6656,6656,0.0,0.8,286,5,0,0.0,0.0,
dj38,P2_circum_r_ADSR,P2_sweep,circum_r,ADSR,"2opt,oropt1,oropt2,oropt3,double_bridge",1,fixed,64,0.25,0.75,nearest-neighbor,improve-only,6656,6656,0.0,0.8,343,4,0,0.0,0.0,
dj38,P2_circum_r_EMA,P2_sweep,circum_r,EMA,"2opt,oropt1,oropt2,oropt3,double_bridge",1,fixed,64,0.25,0.75,nearest-neighbor,improve-only,6656,6656,0.0,0.8,285,1,5,0.0,5.0,
dj38,P2_circum_r_PI,P2_sweep,circum_r,PI,"2opt,oropt1,oropt2,oropt3,double_bridge",1,fixed,64,0.25,0.75,nearest-neighbor,improve-only,6656,6656,0.0,0.8,373,1,10,0.0,10.0,
dj38,P2_circum_r_CDPID,P2_sweep,circum_r,CDPID,"2opt,oropt1,oropt2,oropt3,double_bridge",1,fixed,64,0.25,0.75,nearest-neighbor,improve-only,6656,6656,0.0,0.8,327,4,5,0.0,5.0,
dj38,P2_circum_r_BB_invert,P2_sweep,circum_r,BB_invert,"2opt,oropt1,oropt2,oropt3,double_bridge",1,fixed,64,0.25,0.75,nearest-neighbor,improve-only,6656,6656,0.0,0.8,284,2,1,0.0,1.0,
dj38,P2_tri_compact_BB,P2_sweep,tri_compact,BB,"2opt,oropt1,oropt2,oropt3,double_bridge",1,fixed,64,0.25,0.75,nearest-neighbor,improve-only,6656,6656,0.0,0.8,276,1,0,0.0,0.0,
dj38,P2_tri_compact_ADSR,P2_sweep,tri_compact,ADSR,"2opt,oropt1,oropt2,oropt3,double_bridge",1,fixed,64,0.25,0.75,nearest-neighbor,improve-only,6656,6656,0.0,0.8,386,3,0,0.0,0.0,
dj38,P2_tri_compact_EMA,P2_sweep,tri_compact,EMA,"2opt,oropt1,oropt2,oropt3,double_bridge",1,fixed,64,0.25,0.75,nearest-neighbor,improve-only,6656,6656,0.0,0.8,266,7,5,0.0,5.0,
dj38,P2_tri_compact_PI,P2_sweep,tri_compact,PI,"2opt,oropt1,oropt2,oropt3,double_bridge",1,fixed,64,0.25,0.75,nearest-neighbor,improve-only,6656,6656,0.0,0.8,373,2,10,0.0,10.0,
dj38,P2_tri_compact_CDPID,P2_sweep,tri_compact,CDPID,"2opt,oropt1,oropt2,oropt3,double_bridge",1,fixed,64,0.25,0.75,nearest-neighbor,improve-only,6656,6656,0.0,0.8,299,1,5,0.0,5.0,
dj38,P2_tri_compact_BB_invert,P2_sweep,tri_compact,BB_invert,"2opt,oropt1,oropt2,oropt3,double_bridge",1,fixed,64,0.25,0.75,nearest-neighbor,improve-only,6656,6656,0.0,0.8,270,5,1,0.0,1.0,
dj38,P2_voronoi_adj_BB,P2_sweep,voronoi_adj,BB,"2opt,oropt1,oropt2,oropt3,double_bridge",1,fixed,64,0.25,0.75,nearest-neighbor,improve-only,6656,6656,0.0,0.81,278,4,0,0.0,0.0,
dj38,P2_voronoi_adj_ADSR,P2_sweep,voronoi_adj,ADSR,"2opt,oropt1,oropt2,oropt3,double_bridge",1,fixed,64,0.25,0.75,nearest-neighbor,improve-only,6656,6656,0.0,0.8,431,4,0,0.0,0.0,
dj38,P2_voronoi_adj_EMA,P2_sweep,voronoi_adj,EMA,"2opt,oropt1,oropt2,oropt3,double_bridge",1,fixed,64,0.25,0.75,nearest-neighbor,improve-only,6656,6656,0.0,0.8,269,16,5,0.0,5.0,
dj38,P2_voronoi_adj_PI,P2_sweep,voronoi_adj,PI,"2opt,oropt1,oropt2,oropt3,double_bridge",1,fixed,64,0.25,0.75,nearest-neighbor,improve-only,6656,6656,0.0,0.8,363,9,10,0.0,10.0,
dj38,P2_voronoi_adj_CDPID,P2_sweep,voronoi_adj,CDPID,"2opt,oropt1,oropt2,oropt3,double_bridge",1,fixed,64,0.25,0.75,nearest-neighbor,improve-only,6656,6656,0.0,0.8,335,2,5,0.0,5.0,
dj38,P2_voronoi_adj_BB_invert,P2_sweep,voronoi_adj,BB_invert,"2opt,oropt1,oropt2,oropt3,double_bridge",1,fixed,64,0.25,0.75,nearest-neighbor,improve-only,6656,6656,0.0,0.8,388,5,1,0.0,1.0,
dj38,P2_fold_dist_BB,P2_sweep,fold_dist,BB,"2opt,oropt1,oropt2,oropt3,double_bridge",1,fixed,64,0.25,0.75,nearest-neighbor,improve-only,6656,6656,0.0,0.8,383,1,0,0.0,0.0,
dj38,P2_fold_dist_ADSR,P2_sweep,fold_dist,ADSR,"2opt,oropt1,oropt2,oropt3,double_bridge",1,fixed,64,0.25,0.75,nearest-neighbor,improve-only,6656,6656,0.0,0.8,383,5,0,0.0,0.0,
dj38,P2_fold_dist_EMA,P2_sweep,fold_dist,EMA,"2opt,oropt1,oropt2,oropt3,double_bridge",1,fixed,64,0.25,0.75,nearest-neighbor,improve-only,6656,6656,0.0,0.8,273,5,5,0.0,5.0,
dj38,P2_fold_dist_PI,P2_sweep,fold_dist,PI,"2opt,oropt1,oropt2,oropt3,double_bridge",1,fixed,64,0.25,0.75,nearest-neighbor,improve-only,6656,6656,0.0,0.8,367,1,10,0.0,10.0,
dj38,P2_fold_dist_CDPID,P2_sweep,fold_dist,CDPID,"2opt,oropt1,oropt2,oropt3,double_bridge",1,fixed,64,0.25,0.75,nearest-neighbor,improve-only,6656,6656,0.0,0.8,327,1,5,0.0,5.0,
dj38,P2_fold_dist_BB_invert,P2_sweep,fold_dist,BB_invert,"2opt,oropt1,oropt2,oropt3,double_bridge",1,fixed,64,0.25,0.75,nearest-neighbor,improve-only,6656,6656,0.0,0.8,387,1,1,0.0,1.0,
dj38,P2b_lzw_32,P2b_params,LZ_binary,BB,"2opt,oropt1,oropt2,oropt3,double_bridge",1,fixed,32,0.25,0.75,nearest-neighbor,improve-only,6656,6656,0.0,0.8,281,4,3,0.0,3.0,
dj38,P2b_lzw_64,P2b_params,LZ_binary,BB,"2opt,oropt1,oropt2,oropt3,double_bridge",1,fixed,64,0.25,0.75,nearest-neighbor,improve-only,6656,6656,0.0,0.8,274,5,0,0.0,0.0,
dj38,P2b_lzw_128,P2b_params,LZ_binary,BB,"2opt,oropt1,oropt2,oropt3,double_bridge",1,fixed,128,0.25,0.75,nearest-neighbor,improve-only,6656,6656,0.0,0.8,292,2,3,0.0,3.0,
dj38,P2b_lzw_256,P2b_params,LZ_binary,BB,"2opt,oropt1,oropt2,oropt3,double_bridge",1,fixed,256,0.25,0.75,nearest-neighbor,improve-only,6656,6656,0.0,0.8,288,5,3,0.0,3.0,
dj38,P2b_band_10_90,P2b_params,LZ_binary,BB,"2opt,oropt1,oropt2,oropt3,double_bridge",1,fixed,64,0.1,0.9,nearest-neighbor,improve-only,6656,6656,0.0,0.8,290,1,3,0.0,3.0,
dj38,P2b_band_15_85,P2b_params,LZ_binary,BB,"2opt,oropt1,oropt2,oropt3,double_bridge",1,fixed,64,0.15,0.85,nearest-neighbor,improve-only,6656,6656,0.0,0.8,284,4,3,0.0,3.0,
dj38,P2b_band_25_75,P2b_params,LZ_binary,BB,"2opt,oropt1,oropt2,oropt3,double_bridge",1,fixed,64,0.25,0.75,nearest-neighbor,improve-only,6656,6656,0.0,0.8,284,5,0,0.0,0.0,
dj38,P2b_band_5_95,P2b_params,LZ_binary,BB,"2opt,oropt1,oropt2,oropt3,double_bridge",1,fixed,64,0.05,0.95,nearest-neighbor,improve-only,6656,6656,0.0,0.8,293,4,3,0.0,3.0,
dj38,P2b_freq_1,P2b_params,LZ_binary,BB,"2opt,oropt1,oropt2,oropt3,double_bridge",1,fixed,64,0.25,0.75,nearest-neighbor,improve-only,6656,6656,0.0,0.8,280,4,0,0.0,0.0,
dj38,P2b_freq_2,P2b_params,LZ_binary,BB,"2opt,oropt1,oropt2,oropt3,double_bridge",1,fixed,64,0.25,0.75,nearest-neighbor,improve-only,6656,6656,0.0,0.8,286,2,2,0.0,2.0,
dj38,P2b_freq_5,P2b_params,LZ_binary,BB,"2opt,oropt1,oropt2,oropt3,double_bridge",1,fixed,64,0.25,0.75,nearest-neighbor,improve-only,6656,6656,0.0,0.8,275,3,2,0.0,2.0,
dj38,P2b_freq_10,P2b_params,LZ_binary,BB,"2opt,oropt1,oropt2,oropt3,double_bridge",1,fixed,64,0.25,0.75,nearest-neighbor,improve-only,6656,6656,0.0,0.8,304,4,2,0.0,2.0,
dj38,P2b_warmup_0,P2b_params,LZ_binary,BB,"2opt,oropt1,oropt2,oropt3,double_bridge",1,fixed,64,0.25,0.75,nearest-neighbor,improve-only,6656,6656,0.0,0.8,288,4,0,0.0,0.0,
dj38,P2b_warmup_10,P2b_params,LZ_binary,BB,"2opt,oropt1,oropt2,oropt3,double_bridge",1,fixed,64,0.25,0.75,nearest-neighbor,improve-only,6656,6656,0.0,0.81,288,8,3,0.0,3.0,
dj38,P2b_warmup_50,P2b_params,LZ_binary,BB,"2opt,oropt1,oropt2,oropt3,double_bridge",1,fixed,64,0.25,0.75,nearest-neighbor,improve-only,6656,6656,0.0,0.8,299,1,3,0.0,3.0,
dj38,P2b_warmup_100,P2b_params,LZ_binary,BB,"2opt,oropt1,oropt2,oropt3,double_bridge",1,fixed,64,0.25,0.75,nearest-neighbor,improve-only,6656,6656,0.0,0.8,312,4,3,0.0,3.0,
dj38,P3_basic,P3_operators,LZ_binary,BB,"2opt,oropt1,oropt2,oropt3,double_bridge",1,fixed,64,0.25,0.75,nearest-neighbor,improve-only,6656,6656,0.0,0.8,263,4,0,0.0,0.0,
dj38,P3_basic+3opt,P3_operators,LZ_binary,BB,"2opt,oropt1,oropt2,oropt3,double_bridge,3opt_type4",1,fixed,64,0.25,0.75,nearest-neighbor,improve-only,6656,6656,0.0,0.8,291,10,3,0.0,3.0,
dj38,P3_basic+3opt+seg_flip,P3_operators,LZ_binary,BB,"2opt,oropt1,oropt2,oropt3,double_bridge,3opt_type4,seg_flip",1,fixed,64,0.25,0.75,nearest-neighbor,improve-only,6656,6656,0.0,0.8,311,3,6,0.0,6.0,
dj38,P3_basic+tri_flatten,P3_operators,LZ_binary,BB,"2opt,oropt1,oropt2,oropt3,double_bridge,tri_flatten",1,fixed,64,0.25,0.75,nearest-neighbor,improve-only,6656,6656,0.0,0.8,344,9,3,0.0,3.0,
dj38,P3_basic+fold,P3_operators,LZ_binary,BB,"2opt,oropt1,oropt2,oropt3,double_bridge,fold_swap",1,fixed,64,0.25,0.75,nearest-neighbor,improve-only,6656,6656,0.0,0.8,299,5,3,0.0,3.0,
dj38,P3_basic+geo,P3_operators,LZ_binary,BB,"2opt,oropt1,oropt2,oropt3,double_bridge,tri_flatten,fold_swap",1,fixed,64,0.25,0.75,nearest-neighbor,improve-only,6656,6656,0.0,0.8,344,18,6,0.0,6.0,
dj38,P3_all,P3_operators,LZ_binary,BB,"2opt,oropt1,oropt2,oropt3,double_bridge,3opt_type4,3opt_type5,seg_flip,seg_jumble,tri_flatten,fold_swap",1,fixed,64,0.25,0.75,nearest-neighbor,improve-only,6656,6656,0.0,0.8,332,11,18,0.0,18.0,
dj38,P4_depth_1,P4_depth,LZ_binary,BB,"2opt,oropt1,oropt2,oropt3,double_bridge",1,fixed,64,0.25,0.75,nearest-neighbor,improve-only,6656,6656,0.0,0.8,286,2,0,0.0,0.0,
dj38,P4_depth_2,P4_depth,LZ_binary,BB,"2opt,oropt1,oropt2,oropt3,double_bridge",2,fixed,64,0.25,0.75,nearest-neighbor,improve-only,6656,6656,0.0,0.8,276,6,5,0.0,5.0,
dj38,P4_depth_3,P4_depth,LZ_binary,BB,"2opt,oropt1,oropt2,oropt3,double_bridge",3,fixed,64,0.25,0.75,nearest-neighbor,improve-only,6656,6656,0.0,0.8,258,9,10,0.0,10.0,
dj38,P5_wild_00,P5_wild,LZ_per_op,CDPID,"tri_flatten,3opt_type4,fold_swap,3opt_type5,oropt3,seg_jumble,double_bridge,seg_flip",1,deprecate,32,0.1,0.9,savings,SA-mild,6656,6656,0.0,0.8,390,31,28,0.0,28.0,
dj38,P5_wild_01,P5_wild,xfer_entropy,CDPID,"2opt,oropt1,oropt2,3opt_type5,fold_swap,seg_jumble,double_bridge",2,fixed,32,0.25,0.75,savings,SA-adaptive,6656,6656,0.0,0.8,616,3,29,0.0,29.0,
dj38,P5_wild_02,P5_wild,LZ_tour,EMA,"seg_jumble,3opt_type5,3opt_type4,tri_flatten,oropt3,fold_swap,oropt2,double_bridge",2,deprecate,128,0.15,0.85,nearest-neighbor,improve-only,6656,6656,0.0,0.8,352,7,29,0.0,29.0,
dj38,P5_wild_03,P5_wild,LZ_dual,PI,"3opt_type5,seg_jumble,double_bridge",1,cost_norm,256,0.05,0.95,savings,improve-only,6656,6656,0.0,0.8,352,3,20,0.0,20.0,
dj38,P5_wild_04,P5_wild,fold_dist,BB_invert,"fold_swap,3opt_type4,seg_flip,oropt3,double_bridge",2,fixed,128,0.1,0.9,greedy,improve-only,6656,6656,0.0,0.8,472,6,15,0.0,15.0,
dj38,P5_wild_05,P5_wild,CUSUM,BB_invert,"oropt3,3opt_type4,oropt1,2opt,fold_swap,seg_jumble,seg_flip,3opt_type5,double_bridge",3,fixed,128,0.15,0.85,nearest-neighbor,improve-only,6656,6656,0.0,0.8,310,7,26,0.0,26.0,
dj38,P5_wild_06,P5_wild,fold_dist,PI,"2opt,3opt_type4,fold_swap,seg_flip,double_bridge,tri_flatten,oropt2,3opt_type5,oropt1",2,cost_norm,128,0.15,0.85,greedy,improve-only,6656,6656,0.0,0.8,523,43,33,0.0,33.0,
dj38,P5_wild_07,P5_wild,frozen_edge,CDPID,"2opt,oropt3,double_bridge",2,cost_norm,128,0.15,0.85,random,improve-only,6656,6656,0.0,0.8,298,89,15,0.0,15.0,
dj38,P5_wild_08,P5_wild,LZ_binary,ADSR,"2opt,seg_jumble,double_bridge,3opt_type4,oropt3,seg_flip,tri_flatten",3,cost_norm,128,0.25,0.75,greedy,improve-only,6656,6656,0.0,0.8,351,5,25,0.0,25.0,
dj38,P5_wild_09,P5_wild,SampEn,ADSR,"3opt_type4,oropt1,2opt,3opt_type5,double_bridge",1,cost_norm,32,0.15,0.85,random,SA-mild,6656,6656,0.0,0.8,306,37,19,0.0,19.0,
dj38,P5_wild_10,P5_wild,circum_r,ADSR,"3opt_type5,oropt2,double_bridge",3,fixed,256,0.25,0.75,greedy,threshold-accepting,6656,6656,0.0,0.8,310,8,13,0.0,13.0,
dj38,P5_wild_11,P5_wild,SampEn,ADSR,"seg_jumble,tri_flatten,3opt_type5,fold_swap,3opt_type4,2opt,oropt2,double_bridge",2,deprecate,128,0.1,0.9,nearest-neighbor,SA-adaptive,6656,6656,0.0,0.81,172,7,32,0.0,32.0,
dj38,P5_wild_12,P5_wild,SampEn,ADSR,"3opt_type4,oropt2,oropt3,oropt1,double_bridge,tri_flatten,3opt_type5,2opt,seg_jumble",3,deprecate,64,0.1,0.9,nearest-neighbor,threshold-accepting,6656,6656,0.0,0.8,199,2,34,0.0,34.0,
dj38,P5_wild_13,P5_wild,LZ_binary,CDPID,"oropt1,double_bridge,seg_flip,tri_flatten,oropt3,fold_swap,oropt2,seg_jumble",1,deprecate,64,0.05,0.95,random,SA-mild,6656,6656,0.0,0.8,389,0,19,0.0,19.0,
dj38,P5_wild_14,P5_wild,frozen_edge,EMA,"seg_flip,oropt3,double_bridge",1,fixed,256,0.25,0.75,greedy,improve-only,6656,6656,0.0,0.8,295,56,10,0.0,10.0,
dj38,P5_wild_15,P5_wild,SampEn,CDPID,"seg_flip,oropt1,double_bridge,oropt2",1,cost_norm,32,0.1,0.9,random,SA-adaptive,6656,6656,0.0,0.8,313,2,21,0.0,21.0,
dj38,P5_wild_16,P5_wild,LZ_tour,BB,"oropt1,3opt_type4,3opt_type5,tri_flatten,double_bridge",1,fixed,64,0.05,0.95,random,threshold-accepting,6656,6656,0.0,0.8,583,27,11,0.0,11.0,
dj38,P5_wild_17,P5_wild,southwest,PI,"oropt1,seg_flip,double_bridge,3opt_type4,oropt3,oropt2,tri_flatten,seg_jumble",3,cost_norm,32,0.15,0.85,nearest-neighbor,SA-mild,6656,6656,0.0,0.8,382,1,35,0.0,35.0,
dj38,P5_wild_18,P5_wild,LZ_dual,PI,"oropt2,double_bridge",1,deprecate,32,0.25,0.75,savings,threshold-accepting,6656,6656,0.0,0.8,340,2,13,0.0,13.0,
dj38,P5_wild_19,P5_wild,LZ_dual,EMA,"seg_jumble,tri_flatten,double_bridge,3opt_type4,oropt2",3,fixed,256,0.15,0.85,savings,SA-adaptive,6656,6656,0.0,0.8,369,6,25,0.0,25.0,
dj38,P5_wild_20,P5_wild,circum_r,BB,"fold_swap,2opt,seg_flip,seg_jumble,3opt_type4,oropt3,oropt2,tri_flatten,double_bridge",1,deprecate,64,0.25,0.75,greedy,SA-mild,6656,6656,0.0,0.8,416,1,17,0.0,17.0,
dj38,P5_wild_21,P5_wild,zstd_ratio,CDPID,"oropt2,tri_flatten,oropt3,3opt_type4,3opt_type5,oropt1,seg_jumble,double_bridge",1,fixed,64,0.05,0.95,nearest-neighbor,SA-mild,6656,6656,0.0,0.8,304,6,17,0.0,17.0,
dj38,P5_wild_22,P5_wild,CUSUM,BB,"oropt2,3opt_type5,3opt_type4,double_bridge",3,cost_norm,128,0.15,0.85,random,threshold-accepting,6656,6656,0.0,0.8,274,5,19,0.0,19.0,
dj38,P5_wild_23,P5_wild,tri_compact,CDPID,"oropt3,seg_jumble,oropt1,3opt_type4,double_bridge",1,fixed,128,0.25,0.75,greedy,threshold-accepting,6656,6656,0.0,0.8,361,12,11,0.0,11.0,
dj38,P5_wild_24,P5_wild,voronoi_adj,EMA,"3opt_type5,oropt1,2opt,double_bridge,oropt2,seg_flip,tri_flatten,fold_swap",1,cost_norm,32,0.1,0.9,greedy,improve-only,6656,6656,0.0,0.8,423,92,20,0.0,20.0,
dj38,P5_wild_25,P5_wild,LZ_per_op,BB_invert,"3opt_type5,3opt_type4,oropt2,oropt3,oropt1,double_bridge,tri_flatten,seg_flip,seg_jumble",2,cost_norm,256,0.25,0.75,savings,SA-adaptive,6656,6656,0.0,0.8,443,10,27,0.0,27.0,
dj38,P5_wild_26,P5_wild,xfer_entropy,CDPID,"oropt2,double_bridge,3opt_type5,oropt1,tri_flatten,2opt,seg_jumble",2,fixed,128,0.05,0.95,nearest-neighbor,SA-adaptive,6656,6656,0.0,0.8,457,7,29,0.0,29.0,
dj38,P5_wild_27,P5_wild,xfer_entropy,CDPID,"oropt3,2opt,double_bridge",3,cost_norm,64,0.1,0.9,nearest-neighbor,threshold-accepting,6656,6656,0.0,0.8,468,1,28,0.0,28.0,
dj38,P5_wild_28,P5_wild,SampEn,CDPID,"double_bridge,seg_jumble,3opt_type4,oropt2,seg_flip,oropt1,fold_swap,tri_flatten",2,deprecate,32,0.1,0.9,nearest-neighbor,improve-only,6656,6656,0.0,0.8,314,1,37,0.0,37.0,
dj38,P5_wild_29,P5_wild,xfer_entropy,PI,"seg_jumble,3opt_type5,seg_flip,double_bridge",2,fixed,256,0.05,0.95,nearest-neighbor,SA-mild,6656,6656,0.0,0.8,353,4,34,0.0,34.0,
